x,prob,y
-1.0,4.5397872e-05,0.0
-0.9989994997498748,4.6084304e-05,0.0
-0.99799899949975,4.678108e-05,0.0
-0.9969984992496248,4.748843e-05,0.0
-0.9959979989994996,4.8206424e-05,0.0
-0.9949974987493748,4.8935326e-05,0.0
-0.9939969984992496,4.96752e-05,0.0
-0.9929964982491246,5.0426308e-05,0.0
-0.9919959979989996,5.1188727e-05,0.0
-0.9909954977488744,5.1962717e-05,0.0
-0.9899949974987494,5.2748364e-05,0.0
-0.9889944972486244,5.354594e-05,0.0
-0.9879939969984992,5.4355518e-05,0.0
-0.9869934967483742,5.5177392e-05,0.0
-0.9859929964982492,5.6011635e-05,0.0
-0.984992496248124,5.6858553e-05,0.0
-0.983991995997999,5.771821e-05,0.0
-0.982991495747874,5.859093e-05,0.0
-0.9819909954977488,5.9476784e-05,0.0
-0.9809904952476238,6.0376085e-05,0.0
-0.9799899949974988,6.128893e-05,0.0
-0.9789894947473736,6.221563e-05,0.0
-0.9779889944972486,6.315628e-05,0.0
-0.9769884942471236,6.411122e-05,0.0
-0.9759879939969984,6.508053e-05,0.0
-0.9749874937468734,6.606455e-05,0.0
-0.9739869934967484,6.7063396e-05,0.0
-0.9729864932466232,6.80774e-05,0.0
-0.9719859929964982,6.9106674e-05,0.0
-0.9709854927463732,7.0151575e-05,0.0
-0.969984992496248,7.1212206e-05,0.0
-0.968984492246123,7.228894e-05,0.0
-0.967983991995998,7.338188e-05,0.0
-0.966983491745873,7.449142e-05,0.0
-0.9659829914957478,7.561765e-05,0.0
-0.9649824912456229,7.6760996e-05,0.0
-0.9639819909954978,7.792155e-05,0.0
-0.9629814907453726,7.9099715e-05,0.0
-0.9619809904952475,8.029563e-05,0.0
-0.9609804902451226,8.150969e-05,0.0
-0.9599799899949976,8.274202e-05,0.0
-0.9589794897448723,8.399308e-05,0.0
-0.9579789894947474,8.526296e-05,0.0
-0.9569784892446224,8.655212e-05,0.0
-0.9559779889944972,8.786069e-05,0.0
-0.9549774887443722,8.9189125e-05,0.0
-0.9539769884942472,9.0537564e-05,0.0
-0.952976488244122,9.190647e-05,0.0
-0.951975987993997,9.329598e-05,0.0
-0.950975487743872,9.470659e-05,0.0
-0.9499749874937468,9.6138436e-05,0.0
-0.9489744872436218,9.759202e-05,0.0
-0.9479739869934968,9.906748e-05,0.0
-0.9469734867433716,0.00010056535,0.0
-0.9459729864932468,0.00010208576,0.0
-0.9449724862431216,0.00010362925,0.0
-0.9439719859929964,0.000105195984,0.0
-0.9429714857428716,0.0001067865,0.0
-0.9419709854927464,0.00010840096,0.0
-0.9409704852426212,0.00011003993,0.0
-0.9399699849924964,0.000111703564,0.0
-0.9389694847423712,0.00011339246,0.0
-0.937968984492246,0.000115106894,0.0
-0.9369684842421212,0.00011684712,0.0
-0.935967983991996,0.00011861378,0.0
-0.9349674837418708,0.00012040703,0.0
-0.933966983491746,0.00012222749,0.0
-0.9329664832416208,0.00012407536,0.0
-0.9319659829914958,0.0001259513,0.0
-0.9309654827413708,0.00012785546,0.0
-0.9299649824912456,0.00012978853,0.0
-0.9289644822411206,0.0001317507,0.0
-0.9279639819909956,0.00013374267,0.0
-0.9269634817408704,0.0001357646,0.0
-0.9259629814907454,0.00013781723,0.0
-0.9249624812406204,0.00013990076,0.0
-0.9239619809904952,0.00014201592,0.0
-0.9229614807403702,0.00014416291,0.0
-0.9219609804902452,0.00014634251,0.0
-0.92096048024012,0.00014855491,0.0
-0.919959979989995,0.00015080089,0.0
-0.91895947973987,0.00015308068,0.0
-0.9179589794897448,0.00015539507,0.0
-0.9169584792396198,0.0001577443,0.0
-0.9159579789894948,0.0001601292,0.0
-0.9149574787393696,0.00016254999,0.0
-0.9139569784892446,0.00016500754,0.0
-0.9129564782391196,0.00016750206,0.0
-0.9119559779889944,0.00017003444,0.0
-0.9109554777388694,0.00017260497,0.0
-0.9099549774887444,0.00017521449,0.0
-0.9089544772386192,0.0001778633,0.0
-0.9079539769884942,0.0001805523,0.0
-0.9069534767383692,0.0001832818,0.0
-0.905952976488244,0.00018605271,0.0
-0.904952476238119,0.00018886534,0.0
-0.903951975987994,0.00019172064,0.0
-0.9029514757378688,0.00019461894,0.0
-0.9019509754877438,0.00019756122,0.0
-0.9009504752376188,0.00020054779,0.0
-0.8999499749874937,0.00020357968,0.0
-0.8989494747373687,0.0002066572,0.0
-0.8979489744872436,0.00020978144,0.0
-0.8969484742371185,0.0002129527,0.0
-0.8959479739869936,0.0002161721,0.0
-0.8949474737368684,0.00021943996,0.0
-0.8939469734867433,0.00022275742,0.0
-0.8929464732366184,0.00022612476,0.0
-0.8919459729864933,0.00022954325,0.0
-0.8909454727363681,0.0002330132,0.0
-0.8899449724862432,0.0002365358,0.0
-0.888944472236118,0.00024011137,0.0
-0.887943971985993,0.00024374128,0.0
-0.886943471735868,0.00024742578,0.0
-0.8859429714857429,0.0002511662,0.0
-0.8849424712356178,0.0002549629,0.0
-0.8839419709854928,0.00025881725,0.0
-0.8829414707353677,0.0002627296,0.0
-0.8819409704852427,0.0002667013,0.0
-0.8809404702351176,0.00027073277,0.0
-0.8799399699849925,0.00027482543,0.0
-0.8789394697348675,0.00027897969,0.0
-0.8779389694847424,0.000283197,0.0
-0.8769384692346174,0.00028747803,0.0
-0.8759379689844923,0.0002918235,0.0
-0.8749374687343672,0.00029623488,0.0
-0.8739369684842422,0.00030071268,0.0
-0.8729364682341171,0.0003052584,0.0
-0.871935967983992,0.00030987253,0.0
-0.870935467733867,0.0003145567,0.0
-0.8699349674837419,0.00031931134,0.0
-0.8689344672336168,0.00032413812,0.0
-0.8679339669834918,0.00032903752,0.0
-0.8669334667333667,0.0003340113,0.0
-0.8659329664832416,0.00033905994,0.0
-0.8649324662331166,0.00034418495,0.0
-0.8639319659829915,0.00034938747,0.0
-0.8629314657328664,0.00035466853,0.0
-0.8619309654827414,0.00036002946,0.0
-0.8609304652326163,0.00036547135,0.0
-0.8599299649824912,0.00037099546,0.0
-0.8589294647323662,0.00037660307,0.0
-0.8579289644822411,0.0003822954,0.0
-0.8569284642321161,0.0003880737,0.0
-0.855927963981991,0.00039393935,0.0
-0.854927463731866,0.0003998936,0.0
-0.8539269634817409,0.00040593778,0.0
-0.8529264632316158,0.0004120733,0.0
-0.8519259629814908,0.0004183015,0.0
-0.8509254627313657,0.00042462384,0.0
-0.8499249624812406,0.00043104164,0.0
-0.8489244622311156,0.00043755645,0.0
-0.8479239619809905,0.00044416988,0.0
-0.8469234617308654,0.00045088297,0.0
-0.8459229614807404,0.00045769752,0.0
-0.8449224612306153,0.000464615,0.0
-0.8439219609804902,0.000471637,0.0
-0.8429214607303652,0.00047876503,0.0
-0.8419209604802401,0.0004860008,0.0
-0.840920460230115,0.00049334584,0.0
-0.83991995997999,0.0005008018,0.0
-0.8389194597298649,0.0005083704,0.0
-0.8379189594797398,0.00051605335,0.0
-0.8369184592296148,0.0005238523,0.0
-0.8359179589794897,0.0005317691,0.0
-0.8349174587293646,0.0005398055,0.0
-0.8339169584792396,0.00054796325,0.0
-0.8329164582291145,0.0005562442,0.0
-0.8319159579789895,0.0005646502,0.0
-0.8309154577288644,0.00057318324,0.0
-0.8299149574787394,0.0005818451,0.0
-0.8289144572286143,0.0005906378,0.0
-0.8279139569784892,0.0005995633,0.0
-0.8269134567283642,0.00060862355,0.0
-0.8259129564782391,0.00061782065,0.0
-0.824912456228114,0.0006271567,0.0
-0.823911955977989,0.0006366337,0.0
-0.822911455727864,0.0006462538,0.0
-0.8219109554777388,0.00065601914,0.0
-0.8209104552276139,0.000665932,0.0
-0.8199099549774888,0.00067599455,0.0
-0.8189094547273637,0.000686209,0.0
-0.8179089544772387,0.0006965777,0.0
-0.8169084542271136,0.00070710306,0.0
-0.8159079539769885,0.00071778725,0.0
-0.8149074537268635,0.00072863273,0.0
-0.8139069534767384,0.000739642,0.0
-0.8129064532266133,0.0007508175,0.0
-0.8119059529764883,0.00076216174,0.0
-0.8109054527263632,0.0007736772,0.0
-0.8099049524762382,0.0007853666,0.0
-0.8089044522261131,0.0007972323,0.0
-0.8079039519759881,0.0008092773,0.0
-0.806903451725863,0.00082150404,0.0
-0.8059029514757379,0.0008339154,0.0
-0.8049024512256129,0.00084651407,0.0
-0.8039019509754878,0.0008593029,0.0
-0.8029014507253627,0.0008722848,0.0
-0.8019009504752377,0.00088546274,0.0
-0.8009004502251126,0.00089883944,0.0
-0.7998999499749875,0.0009124181,0.0
-0.7988994497248625,0.0009262017,0.0
-0.7978989494747374,0.0009401933,0.0
-0.7968984492246123,0.00095439615,0.0
-0.7958979489744873,0.00096881326,0.0
-0.7948974487243622,0.000983448,0.0
-0.7938969484742371,0.0009983035,0.0
-0.7928964482241121,0.0010133833,0.0
-0.791895947973987,0.0010286905,0.0
-0.7908954477238619,0.0010442288,0.0
-0.7898949474737369,0.0010600014,0.0
-0.7888944472236118,0.0010760122,0.0
-0.7878939469734867,0.0010922644,0.0
-0.7868934467233617,0.0011087623,0.0
-0.7858929464732366,0.0011255088,0.0
-0.7848924462231116,0.0011425078,0.0
-0.7838919459729865,0.0011597632,0.0
-0.7828914457228615,0.001177279,0.0
-0.7818909454727364,0.0011950589,0.0
-0.7808904452226113,0.0012131071,0.0
-0.7798899449724863,0.0012314275,0.0
-0.7788894447223612,0.0012500242,0.0
-0.7778889444722361,0.0012689015,0.0
-0.7768884442221111,0.0012880634,0.0
-0.775887943971986,0.0013075144,0.0
-0.7748874437218609,0.0013272587,0.0
-0.7738869434717359,0.0013473006,0.0
-0.7728864432216108,0.0013676449,0.0
-0.7718859429714857,0.0013882959,0.0
-0.7708854427213607,0.0014092582,0.0
-0.7698849424712356,0.0014305367,0.0
-0.7688844422211105,0.001452136,0.0
-0.7678839419709855,0.0014740608,0.0
-0.7668834417208604,0.0014963163,0.0
-0.7658829414707353,0.0015189073,0.0
-0.7648824412206103,0.0015418386,0.0
-0.7638819409704852,0.001565116,0.0
-0.7628814407203602,0.001588744,0.0
-0.7618809404702351,0.001612728,0.0
-0.76088044022011,0.0016370737,0.0
-0.759879939969985,0.0016617861,0.0
-0.7588794397198599,0.001686871,0.0
-0.757878939469735,0.0017123341,0.0
-0.7568784392196098,0.0017381808,0.0
-0.7558779389694847,0.0017644168,0.0
-0.7548774387193598,0.0017910482,0.0
-0.7538769384692346,0.0018180808,0.0
-0.7528764382191095,0.0018455208,0.0
-0.7518759379689846,0.0018733739,0.0
-0.7508754377188595,0.0019016466,0.0
-0.7498749374687343,0.0019303454,0.0
-0.7488744372186094,0.0019594764,0.0
-0.7478739369684843,0.001989046,0.0
-0.7468734367183592,0.002019061,0.0
-0.7458729364682342,0.0020495278,0.0
-0.7448724362181091,0.0020804538,0.0
-0.743871935967984,0.0021118452,0.0
-0.742871435717859,0.0021437092,0.0
-0.7418709354677339,0.0021760531,0.0
-0.7408704352176088,0.0022088839,0.0
-0.7398699349674838,0.0022422087,0.0
-0.7388694347173588,0.0022760353,0.0
-0.7378689344672336,0.002310371,0.0
-0.7368684342171086,0.0023452234,0.0
-0.7358679339669836,0.0023806002,0.0
-0.7348674337168585,0.0024165094,0.0
-0.7338669334667334,0.002452959,0.0
-0.7328664332166084,0.002489957,0.0
-0.7318659329664833,0.002527512,0.0
-0.7308654327163582,0.0025656316,0.0
-0.7298649324662332,0.0026043244,0.0
-0.7288644322161081,0.0026435996,0.0
-0.727863931965983,0.0026834654,0.0
-0.726863431715858,0.0027239318,0.0
-0.7258629314657329,0.0027650057,0.0
-0.7248624312156078,0.002806697,0.0
-0.7238619309654828,0.0028490152,0.0
-0.7228614307153577,0.0028919696,0.0
-0.7218609304652326,0.00293557,0.0
-0.7208604302151076,0.0029798255,0.0
-0.7198599299649825,0.0030247462,0.0
-0.7188594297148574,0.003070342,0.0
-0.7178589294647324,0.003116623,0.0
-0.7168584292146074,0.0031635992,0.0
-0.7158579289644822,0.0032112815,0.0
-0.7148574287143572,0.0032596798,0.0
-0.7138569284642322,0.0033088054,0.0
-0.712856428214107,0.0033586686,0.0
-0.711855927963982,0.003409281,0.0
-0.710855427713857,0.0034606531,0.0
-0.7098549274637319,0.0035127967,0.0
-0.7088544272136068,0.003565723,0.0
-0.7078539269634818,0.003619444,0.0
-0.7068534267133567,0.0036739714,0.0
-0.7058529264632316,0.003729317,0.0
-0.7048524262131066,0.0037854936,0.0
-0.7038519259629815,0.0038425128,0.0
-0.7028514257128564,0.0039003878,0.0
-0.7018509254627314,0.0039591305,0.0
-0.7008504252126063,0.0040187547,0.0
-0.6998499249624812,0.004079273,0.0
-0.6988494247123562,0.0041406993,0.0
-0.6978489244622311,0.004203046,0.0
-0.696848424212106,0.0042663277,0.0
-0.695847923961981,0.0043305582,0.0
-0.6948474237118559,0.0043957513,0.0
-0.6938469234617308,0.0044619218,0.0
-0.6928464232116058,0.004529083,0.0
-0.6918459229614808,0.0045972513,0.0
-0.6908454227113556,0.00466644,0.0
-0.6898449224612306,0.0047366656,0.0
-0.6888444222111056,0.004807943,0.0
-0.6878439219609804,0.0048802877,0.0
-0.6868434217108554,0.0049537155,0.0
-0.6858429214607304,0.0050282422,0.0
-0.6848424212106053,0.0051038843,0.0
-0.6838419209604802,0.005180659,0.0
-0.6828414207103553,0.0052585816,0.0
-0.6818409204602301,0.005337671,0.0
-0.680840420210105,0.005417943,0.0
-0.67983991995998,0.005499415,0.0
-0.678839419709855,0.005582106,0.0
-0.6778389194597298,0.005666033,0.0
-0.6768384192096049,0.0057512145,0.0
-0.6758379189594798,0.0058376687,0.0
-0.6748374187093547,0.0059254155,0.0
-0.6738369184592297,0.006014473,0.0
-0.6728364182091046,0.0061048605,0.0
-0.6718359179589795,0.006196598,0.0
-0.6708354177088545,0.006289705,0.0
-0.6698349174587294,0.0063842027,0.0
-0.6688344172086043,0.006480111,0.0
-0.6678339169584793,0.00657745,0.0
-0.6668334167083543,0.0066762413,0.0
-0.6658329164582291,0.00677651,0.0
-0.6648324162081041,0.0068782703,0.0
-0.6638319159579791,0.006981549,0.0
-0.662831415707854,0.007086366,0.0
-0.6618309154577289,0.007192746,0.0
-0.6608304152076039,0.007300711,0.0
-0.6598299149574788,0.0074102846,0.0
-0.6588294147073537,0.00752149,0.0
-0.6578289144572287,0.0076343524,0.0
-0.6568284142071036,0.007748894,0.0
-0.6558279139569785,0.007865141,1.0
-0.6548274137068535,0.007983118,0.0
-0.6538269134567284,0.00810285,0.0
-0.6528264132066033,0.0082243625,0.0
-0.6518259129564783,0.008347683,0.0
-0.6508254127063532,0.008472836,0.0
-0.6498249124562281,0.0085998485,0.0
-0.6488244122061031,0.008728749,0.0
-0.647823911955978,0.008859565,0.0
-0.6468234117058529,0.008992323,0.0
-0.6458229114557279,0.009127052,0.0
-0.6448224112056029,0.009263781,0.0
-0.6438219109554777,0.009402538,0.0
-0.6428214107053527,0.009543354,0.0
-0.6418209104552277,0.009686258,1.0
-0.6408204102051025,0.00983128,0.0
-0.6398199099549775,0.009978453,0.0
-0.6388194097048525,0.010127806,0.0
-0.6378189094547274,0.010279371,0.0
-0.6368184092046023,0.01043318,0.0
-0.6358179089544773,0.010589267,0.0
-0.6348174087043522,0.010747663,0.0
-0.6338169084542271,0.0109084025,0.0
-0.6328164082041021,0.011071518,0.0
-0.631815907953977,0.011237046,0.0
-0.6308154077038519,0.011405019,0.0
-0.6298149074537269,0.011575475,0.0
-0.6288144072036018,0.011748447,0.0
-0.6278139069534767,0.011923974,0.0
-0.6268134067033517,0.01210209,0.0
-0.6258129064532266,0.012282833,0.0
-0.6248124062031015,0.0124662435,0.0
-0.6238119059529765,0.012652356,0.0
-0.6228114057028514,0.012841213,0.0
-0.6218109054527263,0.01303285,0.0
-0.6208104052026013,0.013227308,0.0
-0.6198099049524763,0.013424629,0.0
-0.6188094047023511,0.013624853,0.0
-0.6178089044522261,0.0138280215,0.0
-0.6168084042021011,0.014034175,0.0
-0.615807903951976,0.014243359,0.0
-0.6148074037018509,0.014455616,0.0
-0.613806903451726,0.014670987,0.0
-0.6128064032016008,0.014889519,0.0
-0.6118059029514757,0.015111256,0.0
-0.6108054027013508,0.015336245,0.0
-0.6098049024512256,0.015564531,0.0
-0.6088044022011005,0.015796158,0.0
-0.6078039019509756,0.016031178,0.0
-0.6068034017008505,0.016269637,0.0
-0.6058029014507254,0.01651159,0.0
-0.6048024012006004,0.016757073,0.0
-0.6038019009504753,0.017006142,0.0
-0.6028014007003502,0.017258849,0.0
-0.6018009004502252,0.017515242,0.0
-0.6008004002001001,0.017775377,1.0
-0.599799899949975,0.0180393,0.0
-0.59879939969985,0.018307073,0.0
-0.597798899449725,0.018578745,0.0
-0.5967983991995998,0.018854372,0.0
-0.5957978989494748,0.019134007,0.0
-0.5947973986993498,0.019417709,0.0
-0.5937968984492246,0.019705532,0.0
-0.5927963981990996,0.019997535,0.0
-0.5917958979489746,0.020293774,0.0
-0.5907953976988495,0.020594316,0.0
-0.5897948974487244,0.020899208,0.0
-0.5887943971985994,0.021208515,0.0
-0.5877938969484743,0.021522302,0.0
-0.5867933966983492,0.021840625,0.0
-0.5857928964482242,0.02216355,0.0
-0.5847923961980991,0.02249114,0.0
-0.583791895947974,0.022823459,0.0
-0.582791395697849,0.023160575,0.0
-0.5817908954477239,0.023502547,0.0
-0.5807903951975988,0.023849446,0.0
-0.5797898949474738,0.024201337,0.0
-0.5787893946973487,0.024558293,0.0
-0.5777888944472236,0.024920374,0.0
-0.5767883941970986,0.025287658,0.0
-0.5757878939469735,0.025660213,0.0
-0.5747873936968484,0.026038112,0.0
-0.5737868934467234,0.026421422,0.0
-0.5727863931965984,0.02681022,0.0
-0.5717858929464732,0.02720458,0.0
-0.5707853926963482,0.027604578,1.0
-0.5697848924462232,0.028010285,1.0
-0.568784392196098,0.028421784,0.0
-0.567783891945973,0.028839147,0.0
-0.566783391695848,0.029262453,0.0
-0.5657828914457229,0.029691784,0.0
-0.5647823911955978,0.030127218,0.0
-0.5637818909454728,0.030568833,0.0
-0.5627813906953477,0.031016719,0.0
-0.5617808904452226,0.031470954,0.0
-0.5607803901950976,0.03193162,0.0
-0.5597798899449725,0.032398812,1.0
-0.5587793896948474,0.032872602,0.0
-0.5577788894447224,0.03335308,0.0
-0.5567783891945973,0.033840332,0.0
-0.5557778889444722,0.03433445,0.0
-0.5547773886943472,0.03483553,0.0
-0.5537768884442221,0.035343647,0.0
-0.552776388194097,0.035858903,0.0
-0.551775887943972,0.03638139,0.0
-0.5507753876938469,0.036911193,0.0
-0.5497748874437218,0.037448414,0.0
-0.5487743871935968,0.037993144,0.0
-0.5477738869434718,0.038545486,0.0
-0.5467733866933466,0.039105527,0.0
-0.5457728864432216,0.03967337,0.0
-0.5447723861930966,0.040249113,0.0
-0.5437718859429715,0.04083286,0.0
-0.5427713856928464,0.041424703,0.0
-0.5417708854427215,0.042024747,0.0
-0.5407703851925963,0.042633098,0.0
-0.5397698849424712,0.043249857,0.0
-0.5387693846923463,0.04387513,0.0
-0.5377688844422212,0.044509023,0.0
-0.536768384192096,0.045151647,0.0
-0.5357678839419711,0.045803096,0.0
-0.534767383691846,0.046463493,0.0
-0.5337668834417209,0.047132935,0.0
-0.5327663831915959,0.047811545,0.0
-0.5317658829414708,0.048499424,0.0
-0.5307653826913457,0.04919669,0.0
-0.5297648824412207,0.049903464,0.0
-0.5287643821910956,0.050619844,0.0
-0.5277638819409705,0.051345948,0.0
-0.5267633816908455,0.052081898,0.0
-0.5257628814407205,0.05282781,0.0
-0.5247623811905953,0.053583797,0.0
-0.5237618809404703,0.054349985,0.0
-0.5227613806903453,0.055126492,0.0
-0.5217608804402201,0.055913437,1.0
-0.5207603801900951,0.05671094,0.0
-0.5197598799399701,0.057519123,0.0
-0.518759379689845,0.058338113,0.0
-0.5177588794397199,0.059168033,0.0
-0.5167583791895949,0.060009006,0.0
-0.5157578789394698,0.060861155,0.0
-0.5147573786893447,0.061724614,0.0
-0.5137568784392197,0.06259951,0.0
-0.5127563781890946,0.063485965,0.0
-0.5117558779389695,0.06438411,0.0
-0.5107553776888445,0.06529407,0.0
-0.5097548774387194,0.06621599,0.0
-0.5087543771885943,0.06714998,0.0
-0.5077538769384693,0.0680962,0.0
-0.5067533766883442,0.06905475,0.0
-0.5057528764382191,0.070025794,0.0
-0.5047523761880941,0.07100944,0.0
-0.503751875937969,0.07200584,0.0
-0.5027513756878439,0.073015116,0.0
-0.5017508754377189,0.07403742,0.0
-0.5007503751875939,0.07507287,0.0
-0.4997498749374688,0.07612163,0.0
-0.4987493746873437,0.0771838,0.0
-0.4977488744372186,0.078259535,0.0
-0.4967483741870936,0.079348974,0.0
-0.4957478739369685,0.08045226,0.0
-0.4947473736868434,0.081569515,1.0
-0.4937468734367184,0.0827009,0.0
-0.4927463731865933,0.083846554,0.0
-0.4917458729364683,0.08500659,0.0
-0.4907453726863432,0.08618117,0.0
-0.4897448724362181,0.08737044,0.0
-0.4887443721860931,0.08857452,1.0
-0.487743871935968,0.08979357,1.0
-0.4867433716858429,0.09102772,1.0
-0.4857428714357179,0.09227711,1.0
-0.4847423711855928,0.09354188,0.0
-0.4837418709354677,0.09482218,0.0
-0.4827413706853427,0.096118145,0.0
-0.4817408704352176,0.097429916,0.0
-0.4807403701850926,0.098757625,0.0
-0.4797398699349675,0.10010143,0.0
-0.4787393696848424,0.10146146,0.0
-0.4777388694347174,0.10283785,0.0
-0.4767383691845923,0.104230754,0.0
-0.4757378689344672,0.1056403,0.0
-0.4747373686843422,0.10706663,0.0
-0.4737368684342171,0.10850988,0.0
-0.472736368184092,0.10997019,0.0
-0.471735867933967,0.11144771,0.0
-0.4707353676838419,0.11294253,0.0
-0.4697348674337169,0.11445484,0.0
-0.4687343671835918,0.115984775,0.0
-0.4677338669334667,0.11753241,0.0
-0.4667333666833417,0.119097926,0.0
-0.4657328664332166,0.12068142,1.0
-0.4647323661830915,0.12228307,0.0
-0.4637318659329665,0.12390298,0.0
-0.4627313656828414,0.12554127,0.0
-0.4617308654327163,0.1271981,0.0
-0.4607303651825913,0.12887356,0.0
-0.4597298649324662,0.13056777,0.0
-0.4587293646823411,0.13228089,0.0
-0.4577288644322161,0.13401301,0.0
-0.456728364182091,0.13576427,0.0
-0.455727863931966,0.13753478,0.0
-0.4547273636818409,0.13932467,0.0
-0.4537268634317158,0.14113402,1.0
-0.4527263631815909,0.14296298,0.0
-0.4517258629314657,0.14481163,0.0
-0.4507253626813406,0.1466801,0.0
-0.4497248624312157,0.1485685,0.0
-0.4487243621810906,0.1504769,0.0
-0.4477238619309654,0.15240544,0.0
-0.4467233616808405,0.15435423,0.0
-0.4457228614307154,0.15632333,0.0
-0.4447223611805904,0.15831283,0.0
-0.4437218609304653,0.16032284,0.0
-0.4427213606803402,0.16235347,0.0
-0.4417208604302152,0.16440475,0.0
-0.4407203601800901,0.16647683,1.0
-0.439719859929965,0.16856974,0.0
-0.43871935967984,0.17068358,0.0
-0.4377188594297149,0.1728184,0.0
-0.4367183591795898,0.17497429,1.0
-0.4357178589294648,0.17715135,1.0
-0.4347173586793397,0.17934957,0.0
-0.4337168584292147,0.18156905,0.0
-0.4327163581790896,0.18380986,0.0
-0.4317158579289645,0.18607207,0.0
-0.4307153576788395,0.18835565,0.0
-0.4297148574287144,0.1906607,0.0
-0.4287143571785893,0.19298726,1.0
-0.4277138569284643,0.19533533,0.0
-0.4267133566783392,0.197705,1.0
-0.4257128564282141,0.20009625,0.0
-0.4247123561780891,0.20250915,0.0
-0.423711855927964,0.20494366,0.0
-0.4227113556778389,0.20739983,1.0
-0.4217108554277139,0.20987768,0.0
-0.4207103551775888,0.2123772,0.0
-0.4197098549274638,0.21489838,1.0
-0.4187093546773387,0.21744123,0.0
-0.4177088544272136,0.22000575,1.0
-0.4167083541770886,0.22259189,0.0
-0.4157078539269635,0.2251997,0.0
-0.4147073536768384,0.22782907,1.0
-0.4137068534267134,0.23048002,0.0
-0.4127063531765883,0.23315248,0.0
-0.4117058529264632,0.23584647,1.0
-0.4107053526763382,0.23856187,0.0
-0.4097048524262131,0.24129866,0.0
-0.4087043521760881,0.24405679,0.0
-0.407703851925963,0.2468362,1.0
-0.4067033516758379,0.24963681,1.0
-0.4057028514257129,0.2524585,0.0
-0.4047023511755878,0.2553013,1.0
-0.4037018509254627,0.25816503,0.0
-0.4027013506753377,0.26104963,1.0
-0.4017008504252126,0.26395497,0.0
-0.4007003501750875,0.26688102,0.0
-0.3996998499249625,0.26982754,1.0
-0.3986993496748374,0.2727945,0.0
-0.3976988494247124,0.2757818,1.0
-0.3966983491745873,0.27878925,0.0
-0.3956978489244622,0.28181675,0.0
-0.3946973486743372,0.28486413,0.0
-0.3936968484242121,0.28793126,1.0
-0.392696348174087,0.29101798,1.0
-0.391695847923962,0.29412407,0.0
-0.3906953476738369,0.29724947,0.0
-0.3896948474237118,0.30039394,0.0
-0.3886943471735868,0.3035573,0.0
-0.3876938469234617,0.30673933,0.0
-0.3866933466733366,0.30993992,0.0
-0.3856928464232116,0.3131588,1.0
-0.3846923461730865,0.3163958,1.0
-0.3836918459229615,0.31965065,0.0
-0.3826913456728364,0.32292318,0.0
-0.3816908454227113,0.32621318,0.0
-0.3806903451725864,0.32952037,1.0
-0.3796898449224613,0.33284453,1.0
-0.3786893446723361,0.3361854,0.0
-0.3776888444222112,0.33954272,1.0
-0.3766883441720861,0.34291625,1.0
-0.375687843921961,0.34630573,1.0
-0.374687343671836,0.3497109,1.0
-0.3736868434217109,0.35313147,1.0
-0.3726863431715859,0.3565671,1.0
-0.3716858429214608,0.36001763,0.0
-0.3706853426713357,0.36348265,0.0
-0.3696848424212107,0.3669619,0.0
-0.3686843421710856,0.37045506,0.0
-0.3676838419209605,0.3739618,1.0
-0.3666833416708355,0.3774819,1.0
-0.3656828414207104,0.3810149,1.0
-0.3646823411705853,0.38456059,0.0
-0.3636818409204603,0.3881186,0.0
-0.3626813406703352,0.39168853,0.0
-0.3616808404202102,0.3952701,0.0
-0.3606803401700851,0.39886296,1.0
-0.35967983991996,0.4024667,1.0
-0.358679339669835,0.40608105,0.0
-0.3576788394197099,0.40970558,0.0
-0.3566783391695848,0.41333997,0.0
-0.3556778389194598,0.41698378,0.0
-0.3546773386693347,0.42063674,0.0
-0.3536768384192096,0.42429838,1.0
-0.3526763381690846,0.42796838,1.0
-0.3516758379189595,0.43164626,1.0
-0.3506753376688345,0.43533176,1.0
-0.3496748374187094,0.43902436,1.0
-0.3486743371685843,0.44272378,0.0
-0.3476738369184593,0.44642952,1.0
-0.3466733366683342,0.45014125,0.0
-0.3456728364182091,0.45385852,1.0
-0.3446723361680841,0.45758092,1.0
-0.343671835917959,0.46130815,1.0
-0.3426713356678339,0.46503964,0.0
-0.3416708354177089,0.46877506,1.0
-0.3406703351675838,0.472514,0.0
-0.3396698349174587,0.47625598,1.0
-0.3386693346673337,0.48000067,1.0
-0.3376688344172086,0.4837476,1.0
-0.3366683341670836,0.48749635,0.0
-0.3356678339169585,0.49124652,0.0
-0.3346673336668334,0.49499762,0.0
-0.3336668334167084,0.4987494,0.0
-0.3326663331665833,0.50250125,0.0
-0.3316658329164582,0.5062528,1.0
-0.3306653326663332,0.5100037,0.0
-0.3296648324162081,0.5137534,1.0
-0.328664332166083,0.5175016,0.0
-0.327663831915958,0.5212478,0.0
-0.3266633316658329,0.5249917,0.0
-0.3256628314157079,0.5287327,0.0
-0.3246623311655828,0.53247046,0.0
-0.3236618309154577,0.5362047,1.0
-0.3226613306653327,0.53993475,1.0
-0.3216608304152076,0.5436604,0.0
-0.3206603301650825,0.54738116,0.0
-0.3196598299149575,0.5510966,1.0
-0.3186593296648324,0.5548064,1.0
-0.3176588294147073,0.55851007,1.0
-0.3166583291645823,0.5622073,1.0
-0.3156578289144572,0.5658976,1.0
-0.3146573286643322,0.56958055,0.0
-0.3136568284142071,0.5732559,1.0
-0.312656328164082,0.57692313,1.0
-0.3116558279139571,0.58058184,1.0
-0.3106553276638319,0.58423185,1.0
-0.3096548274137068,0.58787256,1.0
-0.3086543271635819,0.5915037,1.0
-0.3076538269134568,0.5951249,1.0
-0.3066533266633316,0.59873575,1.0
-0.3056528264132067,0.60233593,0.0
-0.3046523261630816,0.605925,0.0
-0.3036518259129565,0.6095028,1.0
-0.3026513256628315,0.6130688,1.0
-0.3016508254127064,0.6166227,1.0
-0.3006503251625814,0.62016416,0.0
-0.2996498249124563,0.6236929,1.0
-0.2986493246623312,0.62720865,1.0
-0.2976488244122062,0.63071084,1.0
-0.2966483241620811,0.63419944,0.0
-0.295647823911956,0.637674,1.0
-0.294647323661831,0.64113414,1.0
-0.2936468234117059,0.64457977,1.0
-0.2926463231615808,0.6480104,1.0
-0.2916458229114558,0.6514259,1.0
-0.2906453226613307,0.6548258,1.0
-0.2896448224112057,0.65821004,1.0
-0.2886443221610806,0.66157824,1.0
-0.2876438219109555,0.6649301,1.0
-0.2866433216608305,0.6682654,0.0
-0.2856428214107054,0.6715839,1.0
-0.2846423211605803,0.6748854,1.0
-0.2836418209104553,0.6781696,1.0
-0.2826413206603302,0.6814363,1.0
-0.2816408204102051,0.6846852,1.0
-0.2806403201600801,0.68791616,1.0
-0.279639819909955,0.69112897,1.0
-0.27863931965983,0.6943234,1.0
-0.2776388194097049,0.6974993,1.0
-0.2766383191595798,0.70065635,1.0
-0.2756378189094548,0.7037945,1.0
-0.2746373186593297,0.7069134,1.0
-0.2736368184092046,0.71001315,1.0
-0.2726363181590796,0.71309334,1.0
-0.2716358179089545,0.71615386,1.0
-0.2706353176588294,0.71919465,1.0
-0.2696348174087044,0.7222155,1.0
-0.2686343171585793,0.7252162,1.0
-0.2676338169084542,0.72819674,0.0
-0.2666333166583292,0.73115695,1.0
-0.2656328164082041,0.73409665,1.0
-0.2646323161580791,0.73701584,1.0
-0.263631815907954,0.73991424,1.0
-0.2626313156578289,0.7427919,0.0
-0.2616308154077039,0.7456486,1.0
-0.2606303151575788,0.7484844,1.0
-0.2596298149074537,0.7512991,0.0
-0.2586293146573287,0.75409263,0.0
-0.2576288144072036,0.7568649,1.0
-0.2566283141570785,0.759616,0.0
-0.2556278139069535,0.7623457,0.0
-0.2546273136568284,0.7650539,1.0
-0.2536268134067034,0.76774067,1.0
-0.2526263131565783,0.77040607,1.0
-0.2516258129064532,0.7730498,1.0
-0.2506253126563282,0.7756719,0.0
-0.2496248124062031,0.77827257,0.0
-0.248624312156078,0.7808515,1.0
-0.247623811905953,0.78340876,1.0
-0.2466233116558279,0.7859444,1.0
-0.2456228114057028,0.78845835,1.0
-0.2446223111555778,0.7909507,1.0
-0.2436218109054527,0.79342127,1.0
-0.2426213106553277,0.7958703,1.0
-0.2416208104052026,0.7982975,1.0
-0.2406203101550775,0.8007032,1.0
-0.2396198099049525,0.8030873,1.0
-0.2386193096548274,0.8054498,1.0
-0.2376188094047023,0.80779064,1.0
-0.2366183091545773,0.81011,1.0
-0.2356178089044522,0.8124079,1.0
-0.2346173086543271,0.8146844,1.0
-0.2336168084042021,0.8169395,1.0
-0.232616308154077,0.8191731,1.0
-0.2316158079039521,0.8213855,0.0
-0.2306153076538269,0.8235767,1.0
-0.2296148074037018,0.8257467,1.0
-0.2286143071535769,0.8278956,1.0
-0.2276138069034518,0.83002335,1.0
-0.2266133066533266,0.8321302,1.0
-0.2256128064032017,0.83421624,1.0
-0.2246123061530766,0.8362813,1.0
-0.2236118059029515,0.8383257,1.0
-0.2226113056528265,0.8403494,1.0
-0.2216108054027014,0.8423526,1.0
-0.2206103051525763,0.8443353,1.0
-0.2196098049024513,0.8462976,1.0
-0.2186093046523262,0.8482396,1.0
-0.2176088044022012,0.8501615,0.0
-0.2166083041520761,0.8520632,1.0
-0.215607803901951,0.8539449,1.0
-0.214607303651826,0.8558068,1.0
-0.2136068034017009,0.8576489,1.0
-0.2126063031515758,0.85947126,0.0
-0.2116058029014508,0.86127406,0.0
-0.2106053026513257,0.8630575,1.0
-0.2096048024012006,0.8648216,1.0
-0.2086043021510756,0.8665665,1.0
-0.2076038019009505,0.8682923,1.0
-0.2066033016508255,0.86999905,1.0
-0.2056028014007004,0.87168694,1.0
-0.2046023011505753,0.8733563,1.0
-0.2036018009004503,0.8750069,1.0
-0.2026013006503252,0.876639,1.0
-0.2016008004002001,0.8782528,1.0
-0.2006003001500751,0.8798485,1.0
-0.19959979989995,0.8814259,1.0
-0.1985992996498249,0.8829854,1.0
-0.1975987993996999,0.88452715,0.0
-0.1965982991495748,0.8860512,1.0
-0.1955977988994498,0.88755774,0.0
-0.1945972986493247,0.88904667,1.0
-0.1935967983991996,0.8905184,1.0
-0.1925962981490746,0.8919731,1.0
-0.1915957978989495,0.8934107,1.0
-0.1905952976488244,0.8948314,1.0
-0.1895947973986994,0.89623535,0.0
-0.1885942971485743,0.89762276,1.0
-0.1875937968984492,0.8989937,1.0
-0.1865932966483242,0.9003483,1.0
-0.1855927963981991,0.9016867,1.0
-0.184592296148074,0.9030091,1.0
-0.183591795897949,0.9043156,1.0
-0.1825912956478239,0.9056063,1.0
-0.1815907953976989,0.90688145,1.0
-0.1805902951475738,0.9081411,0.0
-0.1795897948974487,0.9093854,1.0
-0.1785892946473237,0.9106145,1.0
-0.1775887943971986,0.9118285,1.0
-0.1765882941470735,0.9130276,1.0
-0.1755877938969485,0.914212,1.0
-0.1745872936468234,0.91538167,1.0
-0.1735867933966983,0.9165369,1.0
-0.1725862931465733,0.91767776,1.0
-0.1715857928964482,0.9188045,1.0
-0.1705852926463232,0.9199171,1.0
-0.1695847923961981,0.9210157,1.0
-0.168584292146073,0.92210054,1.0
-0.167583791895948,0.92317176,1.0
-0.1665832916458229,0.9242295,1.0
-0.1655827913956978,0.9252738,1.0
-0.1645822911455728,0.9263048,1.0
-0.1635817908954477,0.92732275,1.0
-0.1625812906453226,0.92832774,1.0
-0.1615807903951976,0.92931986,1.0
-0.1605802901450725,0.9302993,1.0
-0.1595797898949476,0.9312661,1.0
-0.1585792896448224,0.9322205,1.0
-0.1575787893946973,0.9331627,1.0
-0.1565782891445724,0.93409264,1.0
-0.1555777888944473,0.93501055,1.0
-0.1545772886443221,0.93591654,1.0
-0.1535767883941972,0.93681085,1.0
-0.1525762881440721,0.9376934,1.0
-0.151575787893947,0.9385645,1.0
-0.150575287643822,0.93942416,1.0
-0.1495747873936969,0.94027257,1.0
-0.1485742871435718,0.94110984,1.0
-0.1475737868934468,0.94193614,1.0
-0.1465732866433217,0.94275147,1.0
-0.1455727863931967,0.9435561,1.0
-0.1445722861430716,0.94435006,1.0
-0.1435717858929465,0.9451335,1.0
-0.1425712856428215,0.9459066,0.0
-0.1415707853926964,0.9466693,1.0
-0.1405702851425713,0.9474219,1.0
-0.1395697848924463,0.9481645,1.0
-0.1385692846423212,0.9488972,1.0
-0.1375687843921961,0.94962,1.0
-0.1365682841420711,0.9503332,1.0
-0.135567783891946,0.9510368,1.0
-0.134567283641821,0.95173097,1.0
-0.1335667833916959,0.9524157,1.0
-0.1325662831415708,0.95309126,0.0
-0.1315657828914458,0.9537576,1.0
-0.1305652826413207,0.9544151,1.0
-0.1295647823911956,0.9550636,1.0
-0.1285642821410706,0.95570326,1.0
-0.1275637818909455,0.95633423,1.0
-0.1265632816408204,0.95695674,1.0
-0.1255627813906954,0.9575706,1.0
-0.1245622811405703,0.95817614,1.0
-0.1235617808904453,0.95877343,1.0
-0.1225612806403202,0.95936257,1.0
-0.1215607803901951,0.95994365,1.0
-0.1205602801400701,0.9605168,1.0
-0.119559779889945,0.961082,1.0
-0.1185592796398199,0.96163946,1.0
-0.1175587793896949,0.9621893,1.0
-0.1165582791395698,0.96273154,1.0
-0.1155577788894447,0.96326625,1.0
-0.1145572786393197,0.96379364,1.0
-0.1135567783891946,0.9643137,1.0
-0.1125562781390695,0.9648265,1.0
-0.1115557778889445,0.96533227,1.0
-0.1105552776388194,0.9658311,1.0
-0.1095547773886944,0.96632284,1.0
-0.1085542771385693,0.96680784,1.0
-0.1075537768884442,0.9672861,1.0
-0.1065532766383192,0.9677576,1.0
-0.1055527763881941,0.96822274,1.0
-0.104552276138069,0.9686811,1.0
-0.103551775887944,0.96913326,1.0
-0.1025512756378189,0.96957904,1.0
-0.1015507753876938,0.97001857,1.0
-0.1005502751375688,0.97045195,1.0
-0.0995497748874437,0.9708793,1.0
-0.0985492746373187,0.97130066,1.0
-0.0975487743871936,0.97171605,1.0
-0.0965482741370685,0.9721256,1.0
-0.0955477738869435,0.9725294,1.0
-0.0945472736368184,0.9729275,1.0
-0.0935467733866933,0.97332,1.0
-0.0925462731365683,0.97370696,1.0
-0.0915457728864432,0.97408843,1.0
-0.0905452726363181,0.97446454,1.0
-0.0895447723861931,0.97483534,1.0
-0.088544272136068,0.9752009,1.0
-0.087543771885943,0.9755612,1.0
-0.0865432716358179,0.97591656,1.0
-0.0855427713856928,0.97626674,1.0
-0.0845422711355678,0.97661203,1.0
-0.0835417708854427,0.9769523,1.0
-0.0825412706353176,0.9772879,1.0
-0.0815407703851927,0.97761863,1.0
-0.0805402701350676,0.97794455,1.0
-0.0795397698849424,0.97826594,1.0
-0.0785392696348175,0.97858274,1.0
-0.0775387693846924,0.97889507,1.0
-0.0765382691345674,0.9792029,1.0
-0.0755377688844423,0.9795064,1.0
-0.0745372686343172,0.9798054,1.0
-0.0735367683841922,0.98010033,1.0
-0.0725362681340671,0.9803909,1.0
-0.071535767883942,0.9806773,1.0
-0.070535267633817,0.98095965,1.0
-0.0695347673836919,0.98123795,1.0
-0.0685342671335668,0.9815122,1.0
-0.0675337668834418,0.9817826,1.0
-0.0665332666333167,0.98204905,1.0
-0.0655327663831916,0.9823117,1.0
-0.0645322661330666,0.9825706,1.0
-0.0635317658829415,0.9828258,0.0
-0.0625312656328165,0.9830772,1.0
-0.0615307653826914,0.9833251,1.0
-0.0605302651325663,0.98356944,1.0
-0.0595297648824413,0.9838103,1.0
-0.0585292646323162,0.9840476,1.0
-0.0575287643821911,0.98428136,1.0
-0.0565282641320661,0.984512,1.0
-0.055527763881941,0.98473907,1.0
-0.0545272636318159,0.984963,1.0
-0.0535267633816909,0.9851836,1.0
-0.0525262631315658,0.9854012,1.0
-0.0515257628814408,0.9856155,1.0
-0.0505252626313157,0.9858267,1.0
-0.0495247623811906,0.98603487,1.0
-0.0485242621310656,0.9862401,1.0
-0.0475237618809405,0.9864422,1.0
-0.0465232616308154,0.9866414,1.0
-0.0455227613806904,0.9868378,1.0
-0.0445222611305653,0.9870314,1.0
-0.0435217608804402,0.987222,1.0
-0.0425212606303152,0.98741,1.0
-0.0415207603801901,0.9875952,1.0
-0.0405202601300651,0.98777765,1.0
-0.03951975987994,0.98795754,1.0
-0.0385192596298149,0.98813486,1.0
-0.0375187593796899,0.9883095,1.0
-0.0365182591295648,0.98848164,1.0
-0.0355177588794397,0.9886513,1.0
-0.0345172586293147,0.98881835,1.0
-0.0335167583791896,0.9889831,1.0
-0.0325162581290645,0.9891454,1.0
-0.0315157578789395,0.9893054,1.0
-0.0305152576288144,0.98946303,1.0
-0.0295147573786893,0.98961836,1.0
-0.0285142571285643,0.9897714,1.0
-0.0275137568784392,0.9899222,1.0
-0.0265132566283142,0.9900709,1.0
-0.0255127563781891,0.99021727,1.0
-0.024512256128064,0.9903616,1.0
-0.023511755877939,0.99050385,1.0
-0.0225112556278139,0.99064386,1.0
-0.0215107553776888,0.9907821,1.0
-0.0205102551275638,0.99091804,1.0
-0.0195097548774387,0.9910521,1.0
-0.0185092546273136,0.9911842,1.0
-0.0175087543771886,0.9913145,1.0
-0.0165082541270635,0.99144274,1.0
-0.0155077538769385,0.9915691,1.0
-0.0145072536268134,0.99169356,1.0
-0.0135067533766883,0.99181634,1.0
-0.0125062531265633,0.9919373,1.0
-0.0115057528764382,0.9920564,1.0
-0.0105052526263131,0.9921738,1.0
-0.0095047523761881,0.9922895,1.0
-0.008504252126063,0.9924035,1.0
-0.0075037518759379,0.99251574,1.0
-0.006503251625813,0.99262637,1.0
-0.0055027513756878,0.9927355,1.0
-0.0045022511255629,0.9928429,1.0
-0.0035017508754378,0.9929488,1.0
-0.0025012506253127,0.993053,1.0
-0.0015007503751877,0.9931558,1.0
-0.0005002501250626,0.99325705,1.0
0.0005002501250623,0.9932904,1.0
0.0015007503751875,0.99325705,1.0
0.0025012506253125,0.99322355,1.0
0.0035017508754375,0.99318975,1.0
0.0045022511255627,0.9931558,1.0
0.0055027513756877,0.9931217,1.0
0.0065032516258127,0.9930875,1.0
0.0075037518759379,0.993053,1.0
0.0085042521260629,0.99301845,1.0
0.0095047523761879,0.9929837,1.0
0.0105052526263131,0.9929488,1.0
0.0115057528764381,0.99291366,1.0
0.0125062531265631,0.9928784,1.0
0.0135067533766881,0.9928429,1.0
0.0145072536268133,0.99280727,1.0
0.0155077538769383,0.99277145,1.0
0.0165082541270633,0.9927355,1.0
0.0175087543771885,0.9926993,1.0
0.0185092546273135,0.9926629,1.0
0.0195097548774385,0.99262637,1.0
0.0205102551275637,0.9925897,1.0
0.0215107553776887,0.9925528,1.0
0.0225112556278137,0.99251574,1.0
0.0235117558779389,0.9924785,1.0
0.0245122561280639,0.99244106,1.0
0.0255127563781889,0.9924035,1.0
0.0265132566283141,0.99236566,1.0
0.0275137568784391,0.99232763,1.0
0.0285142571285641,0.9922895,1.0
0.0295147573786893,0.9922511,1.0
0.0305152576288143,0.9922125,1.0
0.0315157578789393,0.9921738,1.0
0.0325162581290645,0.9921348,1.0
0.0335167583791895,0.99209577,1.0
0.0345172586293145,0.9920564,1.0
0.0355177588794397,0.9920169,1.0
0.0365182591295647,0.99197716,1.0
0.0375187593796897,0.9919373,1.0
0.0385192596298147,0.99189717,1.0
0.0395197598799399,0.9918568,1.0
0.0405202601300649,0.99181634,1.0
0.0415207603801899,0.99177563,1.0
0.0425212606303151,0.99173474,1.0
0.0435217608804401,0.99169356,1.0
0.0445222611305651,0.9916523,1.0
0.0455227613806903,0.9916108,1.0
0.0465232616308153,0.9915691,1.0
0.0475237618809403,0.99152714,1.0
0.0485242621310655,0.99148506,1.0
0.0495247623811905,0.99144274,1.0
0.0505252626313155,0.9914001,1.0
0.0515257628814407,0.99135745,1.0
0.0525262631315657,0.9913145,1.0
0.0535267633816907,0.99127126,1.0
0.0545272636318159,0.99122787,1.0
0.0555277638819409,0.9911842,1.0
0.0565282641320659,0.9911404,1.0
0.0575287643821911,0.9910964,1.0
0.0585292646323161,0.9910521,1.0
0.0595297648824411,0.9910076,1.0
0.0605302651325661,0.99096304,1.0
0.0615307653826913,0.99091804,1.0
0.0625312656328163,0.990873,1.0
0.0635317658829413,0.9908276,1.0
0.0645322661330665,0.9907821,1.0
0.0655327663831915,0.9907362,1.0
0.0665332666333164,0.99069023,1.0
0.0675337668834417,0.99064386,1.0
0.0685342671335667,0.9905974,1.0
0.0695347673836916,0.99055076,1.0
0.0705352676338169,0.99050385,1.0
0.0715357678839418,0.99045664,1.0
0.0725362681340668,0.99040926,1.0
0.0735367683841921,0.9903616,1.0
0.074537268634317,0.9903137,1.0
0.075537768884442,0.99026567,1.0
0.0765382691345673,0.99021727,1.0
0.0775387693846922,0.9901687,1.0
0.0785392696348172,0.99011993,1.0
0.0795397698849424,0.9900709,1.0
0.0805402701350674,0.9900215,1.0
0.0815407703851924,0.989972,1.0
0.0825412706353176,0.9899222,1.0
0.0835417708854426,0.9898722,1.0
0.0845422711355676,0.9898219,1.0
0.0855427713856926,0.9897714,1.0
0.0865432716358178,0.98972064,1.0
0.0875437718859428,0.9896696,1.0
0.0885442721360678,0.98961836,1.0
0.089544772386193,0.98956674,1.0
0.090545272636318,0.98951507,1.0
0.091545772886443,0.98946303,1.0
0.0925462731365682,0.9894107,1.0
0.0935467733866932,0.9893582,1.0
0.0945472736368182,0.9893054,1.0
0.0955477738869434,0.9892524,1.0
0.0965482741370684,0.9891991,1.0
0.0975487743871934,0.9891454,1.0
0.0985492746373186,0.9890915,1.0
0.0995497748874436,0.9890376,1.0
0.1005502751375686,0.9889831,1.0
0.1015507753876938,0.98892856,1.0
0.1025512756378188,0.9888736,1.0
0.1035517758879438,0.98881835,1.0
0.104552276138069,0.98876303,1.0
0.105552776388194,0.9887072,1.0
0.106553276638319,0.9886513,1.0
0.1075537768884442,0.98859495,1.0
0.1085542771385692,0.9885385,1.0
0.1095547773886942,0.98848164,1.0
0.1105552776388192,0.98842454,1.0
0.1115557778889444,0.98836714,1.0
0.1125562781390694,0.9883095,1.0
0.1135567783891944,0.9882515,1.0
0.1145572786393196,0.98819333,1.0
0.1155577788894446,0.98813486,1.0
0.1165582791395696,0.988076,1.0
0.1175587793896948,0.98801696,1.0
0.1185592796398198,0.98795754,1.0
0.1195597798899448,0.98789793,1.0
0.12056028014007,0.9878379,1.0
0.121560780390195,0.98777765,1.0
0.12256128064032,0.9877172,1.0
0.1235617808904452,0.98765635,1.0
0.1245622811405702,0.9875952,1.0
0.1255627813906952,0.9875337,1.0
0.1265632816408204,0.987472,1.0
0.1275637818909454,0.98741,1.0
0.1285642821410704,0.9873476,1.0
0.1295647823911956,0.98728496,1.0
0.1305652826413206,0.987222,1.0
0.1315657828914456,0.9871588,1.0
0.1325662831415706,0.98709524,1.0
0.1335667833916958,0.9870314,1.0
0.1345672836418208,0.98696715,1.0
0.1355677838919458,0.9869026,1.0
0.136568284142071,0.9868378,1.0
0.137568784392196,0.9867727,1.0
0.138569284642321,0.9867072,1.0
0.1395697848924462,0.9866414,1.0
0.1405702851425712,0.9865754,1.0
0.1415707853926961,0.9865089,1.0
0.1425712856428214,0.9864422,1.0
0.1435717858929464,0.98637515,1.0
0.1445722861430713,0.9863078,1.0
0.1455727863931966,0.9862401,0.0
0.1465732866433216,0.986172,1.0
0.1475737868934465,0.9861036,1.0
0.1485742871435718,0.98603487,1.0
0.1495747873936967,0.9859658,1.0
0.1505752876438217,0.9858964,1.0
0.151575787893947,0.9858267,1.0
0.1525762881440719,0.9857567,1.0
0.1535767883941969,0.98568624,1.0
0.1545772886443221,0.9856155,1.0
0.1555777888944471,0.9855444,1.0
0.1565782891445721,0.985473,1.0
0.1575787893946971,0.9854012,1.0
0.1585792896448223,0.985329,1.0
0.1595797898949473,0.9852565,1.0
0.1605802901450723,0.9851836,0.0
0.1615807903951975,0.9851105,1.0
0.1625812906453225,0.9850369,1.0
0.1635817908954475,0.984963,1.0
0.1645822911455727,0.9848888,1.0
0.1655827913956977,0.9848141,1.0
0.1665832916458227,0.98473907,1.0
0.1675837918959479,0.9846638,1.0
0.1685842921460729,0.98458797,1.0
0.1695847923961979,0.984512,1.0
0.1705852926463231,0.9844355,1.0
0.1715857928964481,0.98435867,1.0
0.1725862931465731,0.98428136,1.0
0.1735867933966983,0.9842039,1.0
0.1745872936468233,0.98412585,1.0
0.1755877938969483,0.9840476,1.0
0.1765882941470735,0.98396885,1.0
0.1775887943971985,0.9838897,1.0
0.1785892946473235,0.9838103,1.0
0.1795897948974485,0.9837303,1.0
0.1805902951475737,0.98365,1.0
0.1815907953976987,0.98356944,1.0
0.1825912956478237,0.9834884,1.0
0.1835917958979489,0.98340696,1.0
0.1845922961480739,0.9833251,1.0
0.1855927963981989,0.9832429,1.0
0.1865932966483241,0.9831603,1.0
0.1875937968984491,0.9830772,1.0
0.1885942971485741,0.98299384,1.0
0.1895947973986993,0.98291,1.0
0.1905952976488243,0.9828258,1.0
0.1915957978989493,0.9827412,1.0
0.1925962981490745,0.9826561,1.0
0.1935967983991995,0.9825706,1.0
0.1945972986493245,0.98248476,1.0
0.1955977988994497,0.98239845,1.0
0.1965982991495747,0.9823117,1.0
0.1975987993996997,0.98222464,1.0
0.1985992996498249,0.98213714,1.0
0.1995997998999499,0.98204905,1.0
0.2006003001500749,0.98196065,1.0
0.2016008004002001,0.9818719,1.0
0.2026013006503251,0.9817826,1.0
0.2036018009004501,0.9816929,1.0
0.2046023011505751,0.98160285,1.0
0.2056028014007003,0.9815122,1.0
0.2066033016508253,0.9814213,1.0
0.2076038019009503,0.98132974,1.0
0.2086043021510755,0.98123795,1.0
0.2096048024012005,0.9811457,1.0
0.2106053026513255,0.9810528,1.0
0.2116058029014507,0.98095965,1.0
0.2126063031515757,0.98086596,1.0
0.2136068034017006,0.9807719,1.0
0.2146073036518259,0.9806773,1.0
0.2156078039019509,0.9805823,1.0
0.2166083041520758,0.9804868,1.0
0.2176088044022011,0.9803909,1.0
0.2186093046523261,0.98029447,1.0
0.219609804902451,0.98019767,1.0
0.2206103051525763,0.98010033,1.0
0.2216108054027012,0.9800024,1.0
0.2226113056528262,0.9799042,1.0
0.2236118059029515,0.9798054,1.0
0.2246123061530764,0.9797062,1.0
0.2256128064032014,0.97960657,1.0
0.2266133066533266,0.9795064,1.0
0.2276138069034516,0.9794057,1.0
0.2286143071535766,0.97930455,1.0
0.2296148074037016,0.9792029,1.0
0.2306153076538268,0.9791008,1.0
0.2316158079039518,0.97899824,1.0
0.2326163081540768,0.97889507,1.0
0.233616808404202,0.9787915,1.0
0.234617308654327,0.97868747,1.0
0.235617808904452,0.97858274,1.0
0.2366183091545772,0.9784777,1.0
0.2376188094047022,0.97837204,1.0
0.2386193096548272,0.97826594,1.0
0.2396198099049524,0.9781594,1.0
0.2406203101550774,0.9780522,1.0
0.2416208104052024,0.97794455,1.0
0.2426213106553276,0.9778365,1.0
0.2436218109054526,0.9777278,1.0
0.2446223111555776,0.97761863,1.0
0.2456228114057028,0.9775089,1.0
0.2466233116558278,0.97739863,1.0
0.2476238119059528,0.9772879,1.0
0.248624312156078,0.97717655,1.0
0.249624812406203,0.9770647,1.0
0.250625312656328,0.9769523,1.0
0.251625812906453,0.9768395,1.0
0.2526263131565782,0.97672594,1.0
0.2536268134067032,0.97661203,1.0
0.2546273136568282,0.9764974,1.0
0.2556278139069534,0.97638243,1.0
0.2566283141570784,0.97626674,1.0
0.2576288144072034,0.9761505,1.0
0.2586293146573286,0.97603387,1.0
0.2596298149074536,0.97591656,1.0
0.2606303151575786,0.9757986,1.0
0.2616308154077038,0.97568023,1.0
0.2626313156578288,0.9755612,1.0
0.2636318159079538,0.97544175,1.0
0.264632316158079,0.97532153,1.0
0.265632816408204,0.9752009,1.0
0.266633316658329,0.9750796,1.0
0.2676338169084542,0.97495776,1.0
0.2686343171585792,0.97483534,1.0
0.2696348174087042,0.9747123,1.0
0.2706353176588294,0.97458875,1.0
0.2716358179089544,0.97446454,0.0
0.2726363181590794,0.97433984,1.0
0.2736368184092046,0.97421443,1.0
0.2746373186593296,0.97408843,1.0
0.2756378189094546,0.9739619,1.0
0.2766383191595796,0.9738347,1.0
0.2776388194097048,0.97370696,1.0
0.2786393196598298,0.9735786,1.0
0.2796398199099548,0.9734495,1.0
0.28064032016008,0.97332,1.0
0.281640820410205,0.9731898,1.0
0.28264132066033,0.97305894,1.0
0.2836418209104552,0.9729275,1.0
0.2846423211605802,0.9727955,1.0
0.2856428214107052,0.9726627,1.0
0.2866433216608304,0.9725294,1.0
0.2876438219109554,0.97239536,1.0
0.2886443221610804,0.97226083,1.0
0.2896448224112056,0.9721256,1.0
0.2906453226613306,0.97198975,1.0
0.2916458229114556,0.9718532,1.0
0.2926463231615808,0.97171605,1.0
0.2936468234117058,0.9715782,1.0
0.2946473236618308,0.9714398,1.0
0.295647823911956,0.97130066,1.0
0.296648324162081,0.9711609,1.0
0.2976488244122059,0.97102034,1.0
0.2986493246623309,0.9708793,1.0
0.2996498249124562,0.9707375,1.0
0.3006503251625811,0.9705951,1.0
0.3016508254127061,0.97045195,1.0
0.3026513256628313,0.97030824,1.0
0.3036518259129563,0.9701637,1.0
0.3046523261630813,0.97001857,1.0
0.3056528264132065,0.9698728,0.0
0.3066533266633315,0.9697262,1.0
0.3076538269134565,0.96957904,1.0
0.3086543271635817,0.96943116,1.0
0.3096548274137067,0.9692826,1.0
0.3106553276638317,0.96913326,1.0
0.3116558279139569,0.96898323,1.0
0.3126563281640819,0.9688326,1.0
0.3136568284142069,0.9686811,1.0
0.3146573286643321,0.968529,1.0
0.3156578289144571,0.96837616,1.0
0.3166583291645821,0.96822274,1.0
0.3176588294147073,0.9680684,1.0
0.3186593296648323,0.9679134,1.0
0.3196598299149573,0.9677576,1.0
0.3206603301650825,0.9676012,1.0
0.3216608304152075,0.96744394,1.0
0.3226613306653325,0.9672861,1.0
0.3236618309154575,0.96712744,1.0
0.3246623311655827,0.966968,1.0
0.3256628314157077,0.96680784,1.0
0.3266633316658327,0.96664685,1.0
0.3276638319159579,0.96648526,1.0
0.3286643321660829,0.96632284,1.0
0.3296648324162079,0.9661597,1.0
0.3306653326663331,0.96599567,0.0
0.3316658329164581,0.9658311,1.0
0.3326663331665831,0.9656655,1.0
0.3336668334167083,0.9654993,1.0
0.3346673336668333,0.96533227,1.0
0.3356678339169583,0.9651644,1.0
0.3366683341670835,0.9649959,1.0
0.3376688344172085,0.9648265,1.0
0.3386693346673335,0.96465635,1.0
0.3396698349174587,0.9644854,1.0
0.3406703351675837,0.9643137,1.0
0.3416708354177087,0.96414113,1.0
0.3426713356678339,0.9639677,1.0
0.3436718359179589,0.96379364,1.0
0.3446723361680839,0.9636186,1.0
0.3456728364182091,0.9634428,1.0
0.3466733366683341,0.96326625,0.0
0.3476738369184591,0.96308887,1.0
0.3486743371685841,0.96291053,1.0
0.3496748374187093,0.96273154,1.0
0.3506753376688343,0.96255153,1.0
0.3516758379189593,0.96237093,1.0
0.3526763381690845,0.9621893,1.0
0.3536768384192095,0.9620068,1.0
0.3546773386693345,0.9618236,1.0
0.3556778389194597,0.96163946,1.0
0.3566783391695847,0.9614545,1.0
0.3576788394197097,0.96126866,1.0
0.3586793396698349,0.961082,1.0
0.3596798399199599,0.9608945,1.0
0.3606803401700849,0.9607061,1.0
0.3616808404202101,0.9605168,1.0
0.3626813406703351,0.9603267,1.0
0.3636818409204601,0.96013564,1.0
0.3646823411705853,0.95994365,1.0
0.3656828414207103,0.95975095,1.0
0.3666833416708352,0.9595572,1.0
0.3676838419209605,0.95936257,1.0
0.3686843421710855,0.9591671,1.0
0.3696848424212104,0.9589707,1.0
0.3706853426713354,0.95877343,1.0
0.3716858429214607,0.95857525,1.0
0.3726863431715856,0.95837617,1.0
0.3736868434217106,0.95817614,1.0
0.3746873436718358,0.95797527,1.0
0.3756878439219608,0.95777345,1.0
0.3766883441720858,0.9575706,1.0
0.377688844422211,0.95736694,1.0
0.378689344672336,0.9571622,1.0
0.379689844922461,0.95695674,1.0
0.3806903451725862,0.9567501,1.0
0.3816908454227112,0.95654273,1.0
0.3826913456728362,0.95633423,1.0
0.3836918459229614,0.95612484,1.0
0.3846923461730864,0.95591456,1.0
0.3856928464232114,0.95570326,1.0
0.3866933466733366,0.955491,0.0
0.3876938469234616,0.95527774,1.0
0.3886943471735866,0.9550636,1.0
0.3896948474237118,0.95484835,1.0
0.3906953476738368,0.9546322,1.0
0.3916958479239618,0.9544151,1.0
0.392696348174087,0.9541969,1.0
0.393696848424212,0.95397776,1.0
0.394697348674337,0.9537576,1.0
0.395697848924462,0.9535365,1.0
0.3966983491745872,0.95331436,1.0
0.3976988494247122,0.95309126,1.0
0.3986993496748372,0.95286703,1.0
0.3996998499249624,0.95264184,1.0
0.4007003501750874,0.9524157,1.0
0.4017008504252124,0.95218843,1.0
0.4027013506753376,0.95196027,1.0
0.4037018509254626,0.95173097,1.0
0.4047023511755876,0.9515006,1.0
0.4057028514257128,0.95126927,1.0
0.4067033516758378,0.9510368,1.0
0.4077038519259628,0.95080334,1.0
0.408704352176088,0.9505688,1.0
0.409704852426213,0.9503332,1.0
0.410705352676338,0.9500966,1.0
0.4117058529264632,0.94985884,1.0
0.4127063531765882,0.94962,1.0
0.4137068534267132,0.94938016,1.0
0.4147073536768384,0.9491392,1.0
0.4157078539269634,0.9488972,1.0
0.4167083541770884,0.94865406,1.0
0.4177088544272134,0.9484098,1.0
0.4187093546773386,0.9481645,1.0
0.4197098549274636,0.9479181,1.0
0.4207103551775886,0.9476705,1.0
0.4217108554277138,0.9474219,0.0
0.4227113556778388,0.9471722,1.0
0.4237118559279638,0.9469213,1.0
0.424712356178089,0.9466693,1.0
0.425712856428214,0.9464162,1.0
0.426713356678339,0.9461619,1.0
0.4277138569284642,0.9459066,1.0
0.4287143571785892,0.94565004,1.0
0.4297148574287142,0.9453923,1.0
0.4307153576788394,0.9451335,1.0
0.4317158579289644,0.9448735,1.0
0.4327163581790894,0.9446123,0.0
0.4337168584292146,0.94435006,0.0
0.4347173586793396,0.9440866,1.0
0.4357178589294646,0.9438219,1.0
0.4367183591795898,0.9435561,1.0
0.4377188594297148,0.94328904,1.0
0.4387193596798397,0.9430208,1.0
0.439719859929965,0.94275147,1.0
0.44072036018009,0.9424809,0.0
0.4417208604302149,0.94220906,1.0
0.4427213606803399,0.94193614,1.0
0.4437218609304652,0.94166183,1.0
0.4447223611805901,0.94138646,0.0
0.4457228614307151,0.94110984,1.0
0.4467233616808403,0.9408319,1.0
0.4477238619309653,0.9405529,1.0
0.4487243621810903,0.94027257,1.0
0.4497248624312155,0.93999094,1.0
0.4507253626813405,0.93970823,1.0
0.4517258629314655,0.93942416,0.0
0.4527263631815907,0.9391388,1.0
0.4537268634317157,0.9388523,1.0
0.4547273636818407,0.9385645,0.0
0.4557278639319659,0.9382754,1.0
0.4567283641820909,0.937985,1.0
0.4577288644322159,0.9376934,0.0
0.4587293646823411,0.9374005,1.0
0.4597298649324661,0.93710625,1.0
0.4607303651825911,0.93681085,0.0
0.4617308654327163,0.936514,1.0
0.4627313656828413,0.93621594,1.0
0.4637318659329663,0.93591654,1.0
0.4647323661830915,0.93561596,1.0
0.4657328664332165,0.93531394,1.0
0.4667333666833415,0.93501055,1.0
0.4677338669334665,0.9347059,1.0
0.4687343671835917,0.9343999,1.0
0.4697348674337167,0.93409264,1.0
0.4707353676838417,0.93378407,1.0
0.4717358679339669,0.933474,1.0
0.4727363681840919,0.9331627,1.0
0.4737368684342169,0.93285,1.0
0.4747373686843421,0.932536,0.0
0.4757378689344671,0.9322205,1.0
0.4767383691845921,0.9319037,1.0
0.4777388694347173,0.9315856,1.0
0.4787393696848423,0.9312661,1.0
0.4797398699349673,0.9309453,1.0
0.4807403701850925,0.93062294,1.0
0.4817408704352175,0.9302993,1.0
0.4827413706853425,0.9299742,1.0
0.4837418709354677,0.9296478,1.0
0.4847423711855927,0.92931986,1.0
0.4857428714357177,0.92899054,1.0
0.4867433716858429,0.9286599,1.0
0.4877438719359679,0.92832774,1.0
0.4887443721860929,0.9279942,1.0
0.4897448724362179,0.9276592,1.0
0.4907453726863431,0.92732275,1.0
0.4917458729364681,0.9269849,1.0
0.4927463731865931,0.9266455,1.0
0.4937468734367183,0.9263048,0.0
0.4947473736868433,0.92596257,1.0
0.4957478739369683,0.9256189,1.0
0.4967483741870935,0.9252738,1.0
0.4977488744372185,0.9249271,1.0
0.4987493746873435,0.9245791,0.0
0.4997498749374687,0.9242295,1.0
0.5007503751875937,0.9238784,1.0
0.5017508754377187,0.92352575,1.0
0.5027513756878439,0.92317176,1.0
0.5037518759379689,0.9228162,1.0
0.5047523761880939,0.9224591,1.0
0.5057528764382191,0.92210054,1.0
0.5067533766883441,0.9217405,1.0
0.5077538769384691,0.92137885,1.0
0.5087543771885943,0.9210157,1.0
0.5097548774387193,0.9206511,1.0
0.5107553776888443,0.92028487,1.0
0.5117558779389695,0.9199171,1.0
0.5127563781890945,0.91954774,1.0
0.5137568784392195,0.91917694,1.0
0.5147573786893445,0.9188045,1.0
0.5157578789394697,0.9184305,1.0
0.5167583791895947,0.918055,1.0
0.5177588794397197,0.91767776,1.0
0.5187593796898449,0.91729903,1.0
0.5197598799399699,0.9169188,1.0
0.5207603801900949,0.9165369,1.0
0.5217608804402201,0.9161535,1.0
0.5227613806903451,0.9157684,1.0
0.52376188094047,0.91538167,1.0
0.5247623811905953,0.91499335,1.0
0.5257628814407203,0.91460353,1.0
0.5267633816908452,0.914212,1.0
0.5277638819409705,0.9138188,1.0
0.5287643821910955,0.9134241,1.0
0.5297648824412204,0.9130276,1.0
0.5307653826913457,0.91262954,1.0
0.5317658829414706,0.9122298,1.0
0.5327663831915956,0.9118285,1.0
0.5337668834417209,0.9114255,1.0
0.5347673836918458,0.91102076,1.0
0.5357678839419708,0.9106145,1.0
0.5367683841920958,0.91020644,1.0
0.537768884442221,0.9097967,0.0
0.538769384692346,0.9093854,1.0
0.539769884942471,0.90897226,1.0
0.5407703851925962,0.90855753,1.0
0.5417708854427212,0.9081411,1.0
0.5427713856928462,0.90772295,1.0
0.5437718859429714,0.90730304,1.0
0.5447723861930964,0.90688145,1.0
0.5457728864432214,0.9064581,1.0
0.5467733866933466,0.9060331,1.0
0.5477738869434716,0.9056063,1.0
0.5487743871935966,0.90517783,1.0
0.5497748874437218,0.9047476,1.0
0.5507753876938468,0.9043156,0.0
0.5517758879439718,0.9038819,1.0
0.552776388194097,0.9034464,1.0
0.553776888444222,0.9030091,1.0
0.554777388694347,0.90257007,1.0
0.5557778889444722,0.9021293,0.0
0.5567783891945972,0.9016867,1.0
0.5577788894447222,0.9012424,1.0
0.5587793896948474,0.90079623,0.0
0.5597798899449724,0.9003483,1.0
0.5607803901950974,0.8998986,1.0
0.5617808904452224,0.899447,1.0
0.5627813906953476,0.8989937,0.0
0.5637818909454726,0.8985385,1.0
0.5647823911955976,0.89808154,1.0
0.5657828914457228,0.89762276,1.0
0.5667833916958478,0.89716214,1.0
0.5677838919459728,0.8966997,0.0
0.568784392196098,0.89623535,1.0
0.569784892446223,0.8957692,1.0
0.570785392696348,0.8953012,1.0
0.5717858929464732,0.8948314,1.0
0.5727863931965982,0.89435965,1.0
0.5737868934467232,0.8938861,1.0
0.5747873936968484,0.8934107,1.0
0.5757878939469734,0.89293337,0.0
0.5767883941970984,0.8924542,1.0
0.5777888944472236,0.8919731,1.0
0.5787893946973486,0.8914901,1.0
0.5797898949474736,0.8910053,1.0
0.5807903951975988,0.8905184,1.0
0.5817908954477238,0.8900298,1.0
0.5827913956978488,0.8895392,1.0
0.583791895947974,0.88904667,1.0
0.584792396198099,0.8885523,1.0
0.585792896448224,0.888056,1.0
0.586793396698349,0.88755774,1.0
0.5877938969484742,0.8870575,1.0
0.5887943971985992,0.8865554,1.0
0.5897948974487242,0.8860512,1.0
0.5907953976988494,0.88554513,0.0
0.5917958979489744,0.88503706,1.0
0.5927963981990994,0.88452715,1.0
0.5937968984492246,0.88401526,1.0
0.5947973986993496,0.8835013,0.0
0.5957978989494745,0.8829854,1.0
0.5967983991995998,0.88246757,1.0
0.5977988994497248,0.88194776,1.0
0.5987993996998497,0.8814259,1.0
0.599799899949975,0.88090205,0.0
0.6008004002001,0.8803763,1.0
0.6018009004502249,0.8798485,1.0
0.6028014007003502,0.8793186,1.0
0.6038019009504751,0.87878674,1.0
0.6048024012006001,0.8782528,1.0
0.6058029014507254,0.87771696,1.0
0.6068034017008503,0.87717897,1.0
0.6078039019509753,0.876639,1.0
0.6088044022011003,0.876097,1.0
0.6098049024512255,0.87555295,1.0
0.6108054027013505,0.8750069,1.0
0.6118059029514755,0.87445873,1.0
0.6128064032016007,0.8739086,1.0
0.6138069034517257,0.8733563,1.0
0.6148074037018507,0.8728019,1.0
0.6158079039519759,0.8722455,0.0
0.6168084042021009,0.87168694,1.0
0.6178089044522259,0.8711265,1.0
0.6188094047023511,0.87056375,1.0
0.6198099049524761,0.86999905,1.0
0.6208104052026011,0.8694322,1.0
0.6218109054527263,0.8688633,1.0
0.6228114057028513,0.8682923,1.0
0.6238119059529763,0.8677191,1.0
0.6248124062031015,0.8671438,1.0
0.6258129064532265,0.8665665,1.0
0.6268134067033515,0.865987,1.0
0.6278139069534767,0.8654054,1.0
0.6288144072036017,0.8648216,1.0
0.6298149074537267,0.8642357,1.0
0.6308154077038519,0.86364764,1.0
0.6318159079539769,0.8630575,1.0
0.6328164082041019,0.8624652,1.0
0.6338169084542269,0.86187077,0.0
0.6348174087043521,0.86127406,1.0
0.6358179089544771,0.8606753,1.0
0.6368184092046021,0.86007434,1.0
0.6378189094547273,0.85947126,1.0
0.6388194097048523,0.85886604,1.0
0.6398199099549773,0.8582585,1.0
0.6408204102051025,0.8576489,1.0
0.6418209104552275,0.857037,1.0
0.6428214107053525,0.856423,1.0
0.6438219109554777,0.8558068,1.0
0.6448224112056027,0.85518837,1.0
0.6458229114557277,0.85456777,1.0
0.6468234117058529,0.8539449,1.0
0.6478239119559779,0.8533199,1.0
0.6488244122061029,0.85269266,1.0
0.6498249124562281,0.8520632,1.0
0.6508254127063531,0.8514315,0.0
0.6518259129564781,0.8507976,1.0
0.6528264132066033,0.8501615,1.0
0.6538269134567283,0.84952307,1.0
0.6548274137068533,0.84888244,1.0
0.6558279139569785,0.8482396,1.0
0.6568284142071035,0.84759456,1.0
0.6578289144572285,0.8469472,1.0
0.6588294147073535,0.8462976,1.0
0.6598299149574787,0.8456457,1.0
0.6608304152076037,0.8449916,1.0
0.6618309154577287,0.8443353,1.0
0.6628314157078539,0.8436767,1.0
0.6638319159579789,0.8430158,0.0
0.6648324162081038,0.8423526,1.0
0.6658329164582291,0.8416872,1.0
0.666833416708354,0.84101945,1.0
0.667833916958479,0.8403494,1.0
0.6688344172086043,0.83967716,1.0
0.6698349174587293,0.8390026,0.0
0.6708354177088542,0.8383257,1.0
0.6718359179589795,0.83764654,1.0
0.6728364182091044,0.8369651,1.0
0.6738369184592294,0.8362813,1.0
0.6748374187093547,0.8355952,1.0
0.6758379189594796,0.8349069,1.0
0.6768384192096046,0.83421624,1.0
0.6778389194597298,0.83352315,1.0
0.6788394197098548,0.83282787,1.0
0.6798399199599798,0.8321302,1.0
0.6808404202101048,0.8314303,1.0
0.68184092046023,0.830728,1.0
0.682841420710355,0.83002335,0.0
0.68384192096048,0.82931644,1.0
0.6848424212106052,0.82860714,1.0
0.6858429214607302,0.8278956,1.0
0.6868434217108552,0.8271816,0.0
0.6878439219609804,0.8264653,0.0
0.6888444222111054,0.8257467,1.0
0.6898449224612304,0.8250257,1.0
0.6908454227113556,0.8243024,1.0
0.6918459229614806,0.8235767,1.0
0.6928464232116056,0.8228487,1.0
0.6938469234617308,0.8221183,1.0
0.6948474237118558,0.8213855,0.0
0.6958479239619808,0.8206504,1.0
0.696848424212106,0.8199129,1.0
0.697848924462231,0.8191731,1.0
0.698849424712356,0.81843096,1.0
0.6998499249624812,0.8176864,0.0
0.7008504252126062,0.8169395,1.0
0.7018509254627312,0.8161901,0.0
0.7028514257128564,0.81543845,1.0
0.7038519259629814,0.8146844,1.0
0.7048524262131064,0.8139279,0.0
0.7058529264632314,0.8131691,0.0
0.7068534267133566,0.8124079,1.0
0.7078539269634816,0.8116443,1.0
0.7088544272136066,0.81087834,1.0
0.7098549274637318,0.81011,1.0
0.7108554277138568,0.80933934,1.0
0.7118559279639818,0.80856615,1.0
0.712856428214107,0.80779064,1.0
0.713856928464232,0.8070128,1.0
0.714857428714357,0.8062324,1.0
0.7158579289644822,0.8054498,1.0
0.7168584292146072,0.8046647,1.0
0.7178589294647322,0.8038772,1.0
0.7188594297148574,0.8030873,0.0
0.7198599299649824,0.802295,1.0
0.7208604302151074,0.8015003,1.0
0.7218609304652326,0.8007032,1.0
0.7228614307153576,0.79990375,1.0
0.7238619309654826,0.7991018,0.0
0.7248624312156078,0.7982975,0.0
0.7258629314657328,0.7974909,1.0
0.7268634317158578,0.79668176,1.0
0.7278639319659828,0.7958703,1.0
0.728864432216108,0.7950564,1.0
0.729864932466233,0.79424,1.0
0.730865432716358,0.79342127,1.0
0.7318659329664832,0.79260015,1.0
0.7328664332166082,0.7917766,1.0
0.7338669334667332,0.7909507,1.0
0.7348674337168584,0.79012233,1.0
0.7358679339669834,0.78929156,1.0
0.7368684342171083,0.78845835,1.0
0.7378689344672336,0.7876228,1.0
0.7388694347173586,0.78678477,1.0
0.7398699349674835,0.7859444,1.0
0.7408704352176088,0.7851016,1.0
0.7418709354677337,0.7842564,1.0
0.7428714357178587,0.78340876,1.0
0.743871935967984,0.78255874,1.0
0.744872436218109,0.78170633,1.0
0.7458729364682339,0.7808515,1.0
0.7468734367183592,0.77999425,1.0
0.7478739369684841,0.7791346,1.0
0.7488744372186091,0.77827257,0.0
0.7498749374687343,0.77740806,1.0
0.7508754377188593,0.7765412,0.0
0.7518759379689843,0.7756719,1.0
0.7528764382191093,0.7748003,1.0
0.7538769384692345,0.7739262,1.0
0.7548774387193595,0.7730498,1.0
0.7558779389694845,0.77217096,0.0
0.7568784392196097,0.77128965,0.0
0.7578789394697347,0.77040607,1.0
0.7588794397198597,0.76952,1.0
0.7598799399699849,0.7686316,1.0
0.7608804402201099,0.76774067,0.0
0.7618809404702349,0.76684755,1.0
0.7628814407203601,0.76595193,1.0
0.7638819409704851,0.7650539,1.0
0.7648824412206101,0.76415354,1.0
0.7658829414707353,0.7632508,1.0
0.7668834417208603,0.7623457,1.0
0.7678839419709853,0.76143813,1.0
0.7688844422211105,0.7605282,1.0
0.7698849424712355,0.759616,0.0
0.7708854427213605,0.7587013,1.0
0.7718859429714857,0.7577843,1.0
0.7728864432216107,0.7568649,0.0
0.7738869434717357,0.7559432,1.0
0.7748874437218609,0.7550191,1.0
0.7758879439719859,0.75409263,1.0
0.7768884442221109,0.7531638,0.0
0.7778889444722359,0.7522326,1.0
0.7788894447223611,0.7512991,1.0
0.7798899449724861,0.7503632,0.0
0.7808904452226111,0.74942493,1.0
0.7818909454727363,0.7484844,1.0
0.7828914457228613,0.7475414,1.0
0.7838919459729863,0.7465962,1.0
0.7848924462231115,0.7456486,0.0
0.7858929464732365,0.7446987,0.0
0.7868934467233615,0.74374646,1.0
0.7878939469734867,0.7427919,1.0
0.7888944472236117,0.741835,1.0
0.7898949474737367,0.7408758,1.0
0.7908954477238619,0.73991424,1.0
0.7918959479739869,0.73895043,1.0
0.7928964482241119,0.73798424,1.0
0.7938969484742371,0.73701584,1.0
0.7948974487243621,0.736045,1.0
0.7958979489744871,0.73507196,1.0
0.7968984492246123,0.73409665,0.0
0.7978989494747373,0.733119,0.0
0.7988994497248623,0.7321391,1.0
0.7998999499749873,0.73115695,1.0
0.8009004502251125,0.73017246,0.0
0.8019009504752375,0.7291857,1.0
0.8029014507253625,0.72819674,1.0
0.8039019509754877,0.7272055,1.0
0.8049024512256127,0.72621197,1.0
0.8059029514757377,0.7252162,0.0
0.8069034517258629,0.7242182,1.0
0.8079039519759879,0.72321796,1.0
0.8089044522261128,0.7222155,0.0
0.8099049524762381,0.7212107,1.0
0.810905452726363,0.72020376,1.0
0.811905952976488,0.71919465,1.0
0.8129064532266133,0.7181832,1.0
0.8139069534767382,0.71716964,1.0
0.8149074537268632,0.71615386,0.0
0.8159079539769885,0.7151359,0.0
0.8169084542271134,0.7141157,1.0
0.8179089544772384,0.71309334,1.0
0.8189094547273637,0.7120688,0.0
0.8199099549774886,0.71104205,0.0
0.8209104552276136,0.71001315,1.0
0.8219109554777388,0.70898205,0.0
0.8229114557278638,0.7079488,1.0
0.8239119559779888,0.7069134,0.0
0.8249124562281138,0.7058759,1.0
0.825912956478239,0.70483625,1.0
0.826913456728364,0.7037945,1.0
0.827913956978489,0.7027505,1.0
0.8289144572286142,0.7017045,0.0
0.8299149574787392,0.70065635,1.0
0.8309154577288642,0.69960606,1.0
0.8319159579789894,0.6985537,1.0
0.8329164582291144,0.6974993,1.0
0.8339169584792394,0.6964427,1.0
0.8349174587293646,0.6953841,0.0
0.8359179589794896,0.6943234,1.0
0.8369184592296146,0.69326067,0.0
0.8379189594797398,0.69219583,1.0
0.8389194597298648,0.69112897,1.0
0.8399199599799898,0.6900601,1.0
0.840920460230115,0.6889891,1.0
0.84192096048024,0.68791616,1.0
0.842921460730365,0.6868412,0.0
0.8439219609804902,0.6857642,1.0
0.8449224612306152,0.6846852,0.0
0.8459229614807402,0.68360424,1.0
0.8469234617308652,0.6825212,1.0
0.8479239619809904,0.6814363,1.0
0.8489244622311154,0.68034935,1.0
0.8499249624812404,0.6792605,0.0
0.8509254627313656,0.6781696,1.0
0.8519259629814906,0.6770768,1.0
0.8529264632316156,0.67598206,0.0
0.8539269634817408,0.6748854,1.0
0.8549274637318658,0.6737868,1.0
0.8559279639819908,0.6726863,1.0
0.856928464232116,0.6715839,1.0
0.857928964482241,0.67047966,1.0
0.858929464732366,0.66937345,1.0
0.8599299649824912,0.6682654,1.0
0.8609304652326162,0.66715544,1.0
0.8619309654827412,0.6660437,0.0
0.8629314657328664,0.6649301,0.0
0.8639319659829914,0.6638146,1.0
0.8649324662331164,0.6626973,0.0
0.8659329664832416,0.66157824,1.0
0.8669334667333666,0.6604573,1.0
0.8679339669834916,0.65933454,1.0
0.8689344672336168,0.65821004,1.0
0.8699349674837418,0.6570837,1.0
0.8709354677338668,0.6559557,1.0
0.8719359679839918,0.6548258,0.0
0.872936468234117,0.6536943,0.0
0.873936968484242,0.65256095,1.0
0.874937468734367,0.6514259,0.0
0.8759379689844922,0.65028906,1.0
0.8769384692346172,0.64915055,1.0
0.8779389694847421,0.6480104,1.0
0.8789394697348674,0.6468685,0.0
0.8799399699849924,0.64572495,0.0
0.8809404702351173,0.64457977,1.0
0.8819409704852426,0.64343286,0.0
0.8829414707353676,0.6422843,1.0
0.8839419709854925,0.64113414,1.0
0.8849424712356178,0.6399824,1.0
0.8859429714857427,0.638829,1.0
0.8869434717358677,0.637674,0.0
0.887943971985993,0.63651735,1.0
0.8889444722361179,0.63535917,1.0
0.8899449724862429,0.63419944,0.0
0.8909454727363681,0.6330381,1.0
0.8919459729864931,0.6318753,0.0
0.8929464732366181,0.63071084,1.0
0.8939469734867433,0.6295449,0.0
0.8949474737368683,0.6283775,1.0
0.8959479739869933,0.62720865,1.0
0.8969484742371183,0.6260382,1.0
0.8979489744872435,0.6248663,1.0
0.8989494747373685,0.6236929,0.0
0.8999499749874935,0.62251806,1.0
0.9009504752376188,0.6213418,0.0
0.9019509754877436,0.62016416,1.0
0.9029514757378688,0.61898506,1.0
0.903951975987994,0.6178046,0.0
0.9049524762381188,0.6166227,0.0
0.905952976488244,0.6154394,1.0
0.9069534767383692,0.6142548,1.0
0.907953976988494,0.6130688,1.0
0.9089544772386192,0.61188143,1.0
0.9099549774887444,0.6106928,0.0
0.9109554777388692,0.6095028,0.0
0.9119559779889944,0.6083115,0.0
0.9129564782391196,0.6071189,1.0
0.9139569784892444,0.605925,0.0
0.9149574787393696,0.6047299,1.0
0.9159579789894948,0.60353357,1.0
0.9169584792396196,0.60233593,1.0
0.9179589794897448,0.60113704,0.0
0.9189594797398696,0.59993696,1.0
0.9199599799899948,0.59873575,1.0
0.92096048024012,0.5975333,1.0
0.9219609804902448,0.5963296,1.0
0.92296148074037,0.5951249,1.0
0.9239619809904952,0.5939189,0.0
0.92496248124062,0.59271187,1.0
0.9259629814907452,0.5915037,1.0
0.9269634817408704,0.5902944,1.0
0.9279639819909952,0.589084,1.0
0.9289644822411204,0.58787256,1.0
0.9299649824912456,0.58666,1.0
0.9309654827413704,0.5854464,0.0
0.9319659829914956,0.58423185,1.0
0.9329664832416208,0.5830162,1.0
0.9339669834917456,0.58179957,0.0
0.9349674837418708,0.58058184,0.0
0.935967983991996,0.5793633,0.0
0.9369684842421208,0.57814366,1.0
0.937968984492246,0.57692313,1.0
0.9389694847423712,0.5757016,1.0
0.939969984992496,0.5744792,0.0
0.9409704852426212,0.5732559,1.0
0.9419709854927464,0.5720317,0.0
0.9429714857428712,0.5708065,1.0
0.9439719859929964,0.56958055,1.0
0.9449724862431216,0.5683538,1.0
0.9459729864932463,0.5671261,0.0
0.9469734867433716,0.5658976,0.0
0.9479739869934968,0.5646683,1.0
0.9489744872436215,0.5634382,0.0
0.9499749874937466,0.5622073,0.0
0.950975487743872,0.5609756,0.0
0.9519759879939969,0.5597433,1.0
0.9529764882441218,0.55851007,0.0
0.9539769884942472,0.55727625,1.0
0.954977488744372,0.55604166,1.0
0.955977988994497,0.5548064,1.0
0.9569784892446224,0.5535705,0.0
0.9579789894947472,0.5523339,1.0
0.9589794897448722,0.5510966,1.0
0.9599799899949976,0.54985875,0.0
0.9609804902451224,0.5486203,0.0
0.9619809904952474,0.54738116,0.0
0.9629814907453726,0.5461415,0.0
0.9639819909954976,0.5449012,0.0
0.9649824912456226,0.5436604,1.0
0.9659829914957476,0.542419,1.0
0.9669834917458728,0.54117715,0.0
0.9679839919959978,0.53993475,1.0
0.9689844922461228,0.5386919,1.0
0.969984992496248,0.5374485,0.0
0.970985492746373,0.5362047,0.0
0.971985992996498,0.5349603,0.0
0.9729864932466232,0.53371567,1.0
0.9739869934967482,0.53247046,1.0
0.9749874937468732,0.5312249,0.0
0.9759879939969984,0.529979,0.0
0.9769884942471234,0.5287327,0.0
0.9779889944972484,0.527486,1.0
0.9789894947473736,0.526239,1.0
0.9799899949974986,0.5249917,1.0
0.9809904952476236,0.52374405,1.0
0.9819909954977488,0.52249604,1.0
0.9829914957478738,0.5212478,1.0
0.9839919959979988,0.5199993,0.0
0.984992496248124,0.5187506,0.0
0.985992996498249,0.5175016,1.0
0.986993496748374,0.5162524,0.0
0.9879939969984992,0.515003,1.0
0.9889944972486242,0.5137534,0.0
0.9899949974987492,0.5125036,0.0
0.9909954977488742,0.5112537,0.0
0.9919959979989994,0.5100037,0.0
0.9929964982491244,0.5087535,1.0
0.9939969984992494,0.5075032,1.0
0.9949974987493746,0.5062528,0.0
0.9959979989994996,0.5050023,0.0
0.9969984992496246,0.5037518,0.0
0.9979989994997498,0.50250125,0.0
0.9989994997498748,0.5012506,1.0
1.0,0.5,1.0
